{
  "resolution": "main",
  "tree": {
    "src": "https://raw.githubusercontent.com/Think7/typings-mongodb/83d989a208affd72c130e1c06862363e702f87a3/typings.json",
    "raw": "registry:npm/mongodb#2.1.0+20170211100415",
    "main": "mongodb.d.ts",
    "dependencies": {
      "es6-promise": {
        "src": "https://raw.githubusercontent.com/types/npm-es6-promise/fb04188767acfec1defd054fc8024fafa5cd4de7/typings.json",
        "raw": "registry:common/es6-promise#4.0.0+20161003185919",
        "main": "dist/es6-promise.d.ts",
        "name": "es6-promise"
      }
    },
    "name": "mongodb"
  }
}
